nthetaphi,timetosol,err
10,1.33444,0.01111
20,4.86944,0.05556
30,11.37361,0.05556
40,22.14352,0.09259
50,35.875,0.27778
60,50.66667,0.27778
70,70.91667,0.55556